{
  "capture_timestamp": "2025-11-17T16:57:23.009055",
  "boot_metrics": {
    "guardian_boot_time_seconds": 0.05405092239379883,
    "guardian_port": 8072,
    "total_boot_time_seconds": 0.24907493591308594,
    "chunks_boot_time_seconds": 0.03045177459716797,
    "boot_success": true
  },
  "memory_metrics": {
    "baseline_memory_mb": 25.26953125,
    "post_boot_memory_mb": 45.23828125,
    "boot_memory_increase_mb": 19.96875,
    "system_memory_available_mb": 40232.140625,
    "system_memory_percent_used": 36.2
  },
  "api_metrics": {
    "total_endpoints": 307,
    "endpoint_count": 307
  },
  "system_info": {
    "cpu_count": 32,
    "total_memory_mb": 63091.88671875,
    "python_version": "3.11.9 (tags/v3.11.9:de54cf5, Apr  2 2024, 10:12:12) [MSC v.1938 64 bit (AMD64)]",
    "platform": "win32"
  }
}