{
  "test_name": "wrk2 Tail-Latency Testing",
  "total_requests": 500,
  "latency": {
    "min": 1.5304088592529297,
    "max": 30.24148941040039,
    "avg": 2.1660208702087402,
    "p50": 2.0525455474853516,
    "p90": 2.392268180847168,
    "p95": 2.5226354598999023,
    "p99": 4.132339954376221,
    "p999": 30.24148941040039
  },
  "slo_compliance": {
    "p99_under_1s": true
  }
}